2025-05-29 13:15:49,Mumbai: ğŸŒ«  +27Â°C
2025-05-29 14:36:56,Mumbai: ğŸŒ«  +32Â°C
2025-05-29 15:06:24,Bhopal,Bhopal: â˜€ï¸   +30Â°C
2025-05-29 15:06:25,Indore,Indore: â›…ï¸  +32Â°C
2025-05-29 15:06:26,Gwalior,Gwalior: â˜€ï¸   +43Â°C
2025-05-29 15:06:27,Jabalpur,Jabalpur: â›…ï¸  +37Â°C
2025-05-29 15:06:28,Ujjain,Ujjain: â›…ï¸  +35Â°C
2025-05-29 15:27:40,Bhopal,Bhopal: â˜€ï¸   +30Â°C
2025-05-29 15:27:40,Indore,Indore: â›…ï¸  +32Â°C
2025-05-29 15:27:41,Gwalior,Gwalior: â˜€ï¸   +43Â°C
2025-05-29 15:27:42,Jabalpur,Jabalpur: â›…ï¸  +37Â°C
2025-05-29 15:27:43,Ujjain,Ujjain: â›…ï¸  +35Â°C
